{"extrinsic_cam2world":[-0.8487553596496582,-0.05942050740122795,0.5254364609718323,-11.951025009155273,-0.5287757515907288,0.08930361270904541,-0.844050407409668,-1472.994140625,-0.003230526577681303,0.9942304491996765,0.10721704363822937,31.211620330810547],"fov_v_degrees":45.0,"seg_hexcolor2meta":{"04eeb5":[216,232804705966298242,8399902367463404930],"0b48ef":[8055,232804705966298242,8399902367463404930],"0ea4a5":[4839,464096880587490759,4356562835847368287],"0edf6f":[498,1691760345044410793,1128957793970017329],"11aa89":[609,3521146581539802343,13528525821532303588],"14f6f2":[573,3521146581539802343,16397677055190179235],"19a306":[48,2840538889012231237,16663207852073062831],"27f65b":[228,464096880587490759,17827355839565426918],"2b18be":[204,2840538889012231237,8377730300648164808],"2e9cbe":[5316,464096880587490759,4356562835847368287],"3097b0":[84,1691760345044410793,1128957793970017329],"322b9c":[9477,2840538889012231237,16663207852073062831],"37ff8d":[4431,464096880587490759,4356562835847368287],"3dd889":[3744,3521146581539802343,16397677055190179235],"3e477e":[7884,7539193304110706309,6009413683489837271],"3fa722":[6354,3521146581539802343,12081865450992391549],"4df6c9":[390,18306405776789788635,8311021371091044087],"522e8f":[336,3521146581539802343,16397677055190179235],"52d811":[627,8719726786776105192,12754402990719083798],"5a6941":[210,2840538889012231237,8377730300648164808],"5d6f19":[150,464096880587490759,18344930007644035989],"6a6213":[2199,3521146581539802343,16397677055190179235],"6d1c71":[4155,2747668584230399223,15998411547927294745],"6dd661":[252,12949693347041692705,16196964444157726082],"74736c":[12,464096880587490759,4372450520865170758],"755dd7":[4026,3521146581539802343,9761509939655046498],"76722d":[1773,3521146581539802343,16397677055190179235],"828727":[396,2840538889012231237,12868516741084093567],"84d77e":[5601,1691760345044410793,1128957793970017329],"85bc53":[4068,464096880587490759,4356562835847368287],"86a58b":[240,3521146581539802343,13528525821532303588],"95448e":[10794,3780767072024149424,6730465308668544712],"998899":[3246,7539193304110706309,7381548031400509159],"a02c4b":[1416,3067658140920957768,8377730300648164808],"a15542":[132,464096880587490759,4372450520865170758],"a27f83":[732,232804705966298242,8399902367463404930],"a3951e":[84,2840538889012231237,8377730300648164808],"a45469":[72,464096880587490759,4372450520865170758],"a7c3e0":[8034,3521146581539802343,13528525821532303588],"aef48c":[684,464096880587490759,18344930007644035989],"b5235f":[342,232804705966298242,8399902367463404930],"b5d36f":[2286,2840538889012231237,14638672580857357818],"b77180":[5076,464096880587490759,4356562835847368287],"b876f7":[2025,232804705966298242,8399902367463404930],"cb0d02":[846,2840538889012231237,8377730300648164808],"cb817a":[0,0,0],"cccf79":[48,1691760345044410793,1128957793970017329],"cdd7b5":[984,3521146581539802343,13528525821532303588],"d4188e":[2940,2840538889012231237,16663207852073062831],"d62ff5":[3420,7539193304110706309,7381548031400509159],"d8ae86":[1296,2111973072704845142,7381548031400509159],"de8c0d":[984,232804705966298242,8399902367463404930],"dfe0a6":[339,1691760345044410793,1128957793970017329],"e58da5":[84,464096880587490759,18344930007644035989],"ec083c":[762,464096880587490759,4356562835847368287],"ec515b":[1905,464096880587490759,4372450520865170758],"f198fe":[21,2840538889012231237,14638672580857357818],"f3d6e7":[342,2840538889012231237,8377730300648164808],"f8624b":[2526,3521146581539802343,14638058190798283807],"f89d93":[804,3521146581539802343,16397677055190179235],"fdbcc1":[7365,1691760345044410793,4753908594308182497]},"time_us":"7972241626"}

{
    "fov": 45.0,
    "aspect_ratio": 1.7777,
    "location": {
        "x": -11.930484771728516,
        "y": -1472.9937744140625,
        "z": 31.21263313293457
    },
    "rotation": {
        "roll": 0.44,
        "pitch": 5.50,
        "yaw": -125.27
    }
}
