{
    "fov": 45.0,
    "aspect_ratio": 1.7777,
    "location": {
        "x": -11.951025009155273,
        "y": -1472.994140625,
        "z": 31.211620330810547
    },
    "rotation": {
        "roll": 0.19,
        "pitch": 6.15,
        "yaw": -148.11
    }
}
