{
    "fov": 45.0,
    "aspect_ratio": 1.7777,
    "location": {
        "x": -11.12608528137207,
        "y": -1473.8729248046875,
        "z": 31.193862915039063
    },
    "rotation": {
        "roll": 0.46,
        "pitch": -12.79,
        "yaw": -139.16
    }
}

