{"extrinsic_cam2world":[-0.5767008662223816,-0.08278908580541611,0.8127498030662537,-11.930484771728516,-0.8169190883636475,0.04905219003558159,-0.5746626853942871,-1472.9937744140625,-0.007708637975156307,0.9953591823577881,0.09592042118310928,31.21263313293457],"fov_v_degrees":45.0,"seg_hexcolor2meta":{"04eeb5":[216,232804705966298242,8399902367463404930],"0a98e1":[6624,464096880587490759,4372450520865170758],"0b48ef":[8055,232804705966298242,8399902367463404930],"0c9410":[1212,1691760345044410793,1128957793970017329],"0d3155":[444,464096880587490759,18344930007644035989],"0ea4a5":[4839,464096880587490759,4356562835847368287],"0edf6f":[498,1691760345044410793,1128957793970017329],"11aa89":[609,3521146581539802343,13528525821532303588],"12d338":[36,1691760345044410793,1128957793970017329],"13988b":[36,6822749263814056093,16778910523086074734],"1446e7":[1290,7539193304110706309,9660840048823739744],"14f6f2":[573,3521146581539802343,16397677055190179235],"17db42":[1122,3521146581539802343,2478920925304042249],"197fdb":[642,464096880587490759,4372450520865170758],"19a306":[48,2840538889012231237,16663207852073062831],"1e5005":[114,232804705966298242,8399902367463404930],"1f0945":[4155,2747668584230399223,11996914165803488856],"1f7b6c":[3834,2840538889012231237,16663207852073062831],"216be2":[96,5345015104779747583,4433173804694196325],"218007":[288,464096880587490759,18344930007644035989],"27f65b":[228,464096880587490759,17827355839565426918],"2b18be":[204,2840538889012231237,8377730300648164808],"2cf63e":[7320,464096880587490759,4372450520865170758],"2e9cbe":[5316,464096880587490759,4356562835847368287],"3097b0":[84,1691760345044410793,1128957793970017329],"3106a6":[132,6822749263814056093,16778910523086074734],"322b9c":[9477,2840538889012231237,16663207852073062831],"3468e7":[903,464096880587490759,4372450520865170758],"34de73":[936,464096880587490759,18344930007644035989],"37ff8d":[4431,464096880587490759,4356562835847368287],"383b8d":[102,232804705966298242,8399902367463404930],"3a5e62":[306,464096880587490759,4372450520865170758],"3d28ff":[198,5345015104779747583,4433173804694196325],"3d789f":[2829,464096880587490759,4372450520865170758],"3dd889":[3744,3521146581539802343,16397677055190179235],"3e477e":[7884,7539193304110706309,6009413683489837271],"3fa722":[6354,3521146581539802343,12081865450992391549],"4263af":[120,2840538889012231237,14638672580857357818],"430b03":[1872,464096880587490759,18344930007644035989],"483b29":[240,5345015104779747583,4433173804694196325],"4d1e35":[144,2840538889012231237,8377730300648164808],"4de8b1":[1395,3521146581539802343,13528525821532303588],"4df6c9":[390,18306405776789788635,8311021371091044087],"522e8f":[336,3521146581539802343,16397677055190179235],"52d811":[627,8719726786776105192,12754402990719083798],"53cfed":[810,16531260482887934947,16397677055190179235],"5487fc":[720,464096880587490759,4372450520865170758],"54a787":[294,464096880587490759,4372450520865170758],"563645":[216,6822749263814056093,16778910523086074734],"58ff95":[402,464096880587490759,4372450520865170758],"5a6941":[210,2840538889012231237,8377730300648164808],"5cfac4":[1062,3521146581539802343,16397677055190179235],"5d11ea":[60,464096880587490759,4372450520865170758],"5d6f19":[150,464096880587490759,18344930007644035989],"5db373":[120,3521146581539802343,16397677055190179235],"621c06":[2211,464096880587490759,4372450520865170758],"654dbe":[405,2840538889012231237,14638672580857357818],"66453e":[456,5345015104779747583,4433173804694196325],"6a6213":[2199,3521146581539802343,16397677055190179235],"6d1c71":[4155,2747668584230399223,15998411547927294745],"71d584":[834,464096880587490759,4372450520865170758],"71e99b":[96,464096880587490759,18344930007644035989],"7247bb":[87,464096880587490759,18344930007644035989],"74736c":[12,464096880587490759,4372450520865170758],"755dd7":[4026,3521146581539802343,9761509939655046498],"757e18":[30,12949693347041692705,16196964444157726082],"7617f2":[24,3521146581539802343,13528525821532303588],"76722d":[1773,3521146581539802343,16397677055190179235],"77f7dd":[1947,3646264202795627361,17784056156863533517],"7c3f3b":[1116,464096880587490759,18344930007644035989],"7e1f0b":[48,12949693347041692705,16196964444157726082],"80ece4":[120,5345015104779747583,4433173804694196325],"828727":[396,2840538889012231237,12868516741084093567],"84d77e":[5601,1691760345044410793,1128957793970017329],"85bc53":[4068,464096880587490759,4356562835847368287],"86a58b":[240,3521146581539802343,13528525821532303588],"874c44":[27,464096880587490759,18344930007644035989],"8cebb4":[3552,3521146581539802343,16397677055190179235],"8e3b7a":[5919,464096880587490759,4372450520865170758],"95448e":[10794,3780767072024149424,6730465308668544712],"969874":[552,5345015104779747583,4433173804694196325],"998899":[3246,7539193304110706309,7381548031400509159],"9ae31e":[660,3521146581539802343,16397677055190179235],"9b4e84":[1410,232804705966298242,8399902367463404930],"9bb879":[1344,3521146581539802343,13528525821532303588],"9e42ca":[438,5345015104779747583,4433173804694196325],"a02c4b":[1416,3067658140920957768,8377730300648164808],"a15542":[132,464096880587490759,4372450520865170758],"a27f83":[732,232804705966298242,8399902367463404930],"a308a3":[8367,464096880587490759,4372450520865170758],"a37076":[162,232804705966298242,8399902367463404930],"a3951e":[84,2840538889012231237,8377730300648164808],"a45469":[72,464096880587490759,4372450520865170758],"a4b092":[426,5345015104779747583,4433173804694196325],"a62055":[2232,464096880587490759,18344930007644035989],"a71a73":[3384,464096880587490759,4356562835847368287],"a7c3e0":[8034,3521146581539802343,13528525821532303588],"a7fb5b":[2520,464096880587490759,4372450520865170758],"b3a644":[1227,464096880587490759,4356562835847368287],"b47919":[3624,464096880587490759,18344930007644035989],"b5235f":[342,232804705966298242,8399902367463404930],"b5d36f":[2286,2840538889012231237,14638672580857357818],"b77180":[5076,464096880587490759,4356562835847368287],"b77f5f":[36,464096880587490759,18344930007644035989],"b876f7":[2025,232804705966298242,8399902367463404930],"bbabaa":[333,3521146581539802343,13528525821532303588],"bc2106":[915,3521146581539802343,13528525821532303588],"bc689d":[585,2747668584230399223,11996914165803488856],"bc772a":[1401,464096880587490759,4372450520865170758],"bd4425":[9591,464096880587490759,4372450520865170758],"be40b8":[1800,464096880587490759,18344930007644035989],"c0fe65":[150,5345015104779747583,4433173804694196325],"c8e78b":[3639,3521146581539802343,13528525821532303588],"c9e8d7":[132,464096880587490759,18344930007644035989],"cb0d02":[846,2840538889012231237,8377730300648164808],"cb817a":[0,0,0],"cccf79":[48,1691760345044410793,1128957793970017329],"cdb4e4":[471,464096880587490759,4372450520865170758],"cdd7b5":[984,3521146581539802343,13528525821532303588],"d4188e":[2940,2840538889012231237,16663207852073062831],"d62ff5":[3420,7539193304110706309,7381548031400509159],"d8ae86":[1296,2111973072704845142,7381548031400509159],"de8c0d":[984,232804705966298242,8399902367463404930],"defa05":[660,232804705966298242,8399902367463404930],"dfe0a6":[339,1691760345044410793,1128957793970017329],"e06b3a":[1677,7553295371550577422,10686655050143298758],"e2e1a6":[726,2840538889012231237,14638672580857357818],"e3ce70":[2493,464096880587490759,4356562835847368287],"e58da5":[84,464096880587490759,18344930007644035989],"e6e17c":[84,1691760345044410793,10505127718700596805],"e7f046":[582,5345015104779747583,4433173804694196325],"e7faba":[48,6822749263814056093,16778910523086074734],"ec515b":[1905,464096880587490759,4372450520865170758],"edb706":[42,1691760345044410793,10505127718700596805],"ef1e36":[312,464096880587490759,4372450520865170758],"f198fe":[21,2840538889012231237,14638672580857357818],"f8624b":[2526,3521146581539802343,14638058190798283807],"f89d93":[804,3521146581539802343,16397677055190179235],"fc2f15":[2553,3521146581539802343,13528525821532303588],