{
    "fov": 45.0,
    "aspect_ratio": 1.7777,
    "location": {
        "x": -8.949288368225098,
        "y": -1471.98388671875,
        "z": 31.20610237121582
    },
    "rotation": {
        "roll": 0.33,
        "pitch": -12.64,
        "yaw": -139.39
    }
}

