{
    "fov": 45.0,
    "aspect_ratio": 1.7777,
    "location": {
        "x": -11.930484771728516,
        "y": -1472.9937744140625,
        "z": 31.21263313293457
    },
    "rotation": {
        "roll": 0.44,
        "pitch": 5.50,
        "yaw": -125.27
    }
}

