{"extrinsic_cam2world":[-0.9999995231628418,0.0009478215361014009,-0.00015047192573547363,-46.98160171508789,-0.00015054958930704743,-8.186828199541196e-05,1.0,-1459.9169921875,0.0009478090796619654,0.9999996423721313,8.201092714443803e-05,32.43141555786133],"fov_v_degrees":50.0,"seg_hexcolor2meta":{"00356b":[432,232804705966298242,8399902367463404930],"00be9c":[228,3521146581539802343,16397677055190179235],"01f054":[498,2840538889012231237,12868516741084093567],"04be98":[36,16453437847192918010,12923037076367762474],"07a6d7":[3009,464096880587490759,17827355839565426918],"0a1313":[126,464096880587490759,4372450520865170758],"0a5aad":[459,2840538889012231237,14638672580857357818],"0fd9b0":[4995,7553295371550577422,10686655050143298758],"15daf6":[3798,3521146581539802343,16406567869334315787],"1b4550":[834,18306405776789788635,8311021371091044087],"218007":[288,464096880587490759,18344930007644035989],"21ce94":[264,464096880587490759,18344930007644035989],"246232":[1104,2889712989947328601,14214670857711394867],"25704f":[8316,464096880587490759,4372450520865170758],"274fd0":[3423,3521146581539802343,16397677055190179235],"34fa69":[3819,464096880587490759,17827355839565426918],"389a1c":[1752,232804705966298242,8399902367463404930],"396eb4":[4104,464096880587490759,18344930007644035989],"39a647":[378,464096880587490759,17809864257922175481],"3c33f3":[114,3521146581539802343,16397677055190179235],"41d22e":[10953,12949693347041692705,16196964444157726082],"4497da":[600,18306405776789788635,8311021371091044087],"468f84":[726,12949693347041692705,12329301102479085288],"46e616":[2208,232804705966298242,8399902367463404930],"48e780":[1242,464096880587490759,18344930007644035989],"4af6c7":[3759,464096880587490759,4372450520865170758],"4d2e11":[1422,464096880587490759,17809864257922175481],"4de8b1":[1395,3521146581539802343,13528525821532303588],"589b78":[8979,464096880587490759,4372450520865170758],"5cbb18":[7107,464096880587490759,4356562835847368287],"5f6334":[1872,2840538889012231237,8377730300648164808],"6228ea":[1152,464096880587490759,18344930007644035989],"64ac96":[60,12949693347041692705,16196964444157726082],"65bf90":[1164,2840538889012231237,16663207852073062831],"678b98":[657,464096880587490759,4372450520865170758],"6dc41f":[1578,464096880587490759,4356562835847368287],"71b8cc":[48,464096880587490759,18344930007644035989],"7247bb":[87,464096880587490759,18344930007644035989],"77938d":[12,464096880587490759,18344930007644035989],"7837fd":[462,7539193304110706309,9660840048823739744],"7c23ca":[528,18306405776789788635,8311021371091044087],"7c45f4":[300,3521146581539802343,16397677055190179235],"7d872e":[6786,464096880587490759,4372450520865170758],"7e8b6e":[2319,464096880587490759,17809864257922175481],"853ee5":[816,464096880587490759,18344930007644035989],"874c44":[27,464096880587490759,18344930007644035989],"897fa5":[1644,464096880587490759,4356562835847368287],"89b816":[2910,3521146581539802343,16397677055190179235],"89fbac":[2004,464096880587490759,17809864257922175481],"8cebb4":[3552,3521146581539802343,16397677055190179235],"8df53b":[2889,464096880587490759,4356562835847368287],"8f1f63":[1845,464096880587490759,4356562835847368287],"905c3c":[3174,1691760345044410793,1128957793970017329],"940744":[8097,3521146581539802343,16397677055190179235],"97b8ca":[252,464096880587490759,4372450520865170758],"9aaa8b":[60,464096880587490759,18344930007644035989],"9bb47d":[2562,2840538889012231237,14638672580857357818],"9c2b19":[24,3521146581539802343,15808043709487142281],"9d50e1":[138,2840538889012231237,12868516741084093567],"9d9ef0":[492,232804705966298242,8399902367463404930],"9ec1f7":[672,7539193304110706309,9660840048823739744],"a0c77c":[522,16531260482887934947,16397677055190179235],"a3704a":[5004,2840538889012231237,14638672580857357818],"a45469":[72,464096880587490759,4372450520865170758],"a5d5ab":[648,232804705966298242,8399902367463404930],"a600e3":[6417,464096880587490759,4356562835847368287],"a7445c":[600,464096880587490759,4372450520865170758],"aa1eef":[2520,464096880587490759,17809864257922175481],"ab5639":[1860,464096880587490759,18344930007644035989],"ac0a08":[216,464096880587490759,4372450520865170758],"b0ddea":[9363,464096880587490759,4356562835847368287],"b11173":[1404,464096880587490759,4356562835847368287],"b177aa":[7764,464096880587490759,4372450520865170758],"b5cc21":[39,464096880587490759,18344930007644035989],"b77f5f":[36,464096880587490759,18344930007644035989],"b93051":[408,464096880587490759,17827355839565426918],"ba62da":[96,464096880587490759,15939097011211535653],"bb3b42":[27,464096880587490759,4372450520865170758],"bce774":[1740,464096880587490759,4372450520865170758],"c00b54":[3393,464096880587490759,4372450520865170758],"c70a9b":[3798,1691760345044410793,1128957793970017329],"c7300f":[960,464096880587490759,18344930007644035989],"c75087":[1524,464096880587490759,4372450520865170758],"c87d87":[1512,464096880587490759,18344930007644035989],"cb817a":[0,0,0],"cbe8fe":[126,464096880587490759,4356562835847368287],"cea629":[21,464096880587490759,18344930007644035989],"d52038":[534,464096880587490759,15392076020985669351],"d53f0b":[13182,464096880587490759,17827355839565426918],"d56cad":[1011,1691760345044410793,14307537701988490198],"d65f92":[2760,464096880587490759,4356562835847368287],"d6f3b7":[408,464096880587490759,18344930007644035989],"d94892":[1503,464096880587490759,4356562835847368287],"dc7296":[234,1691760345044410793,1128957793970017329],"dcc933":[6039,7539193304110706309,6009413683489837271],"de431e":[36,464096880587490759,15939097011211535653],"decdff":[48,16531260482887934947,15808043709487142281],"e0f8f8":[840,5032113787071807039,4356562835847368287],"e4b26e":[429,3521146581539802343,13528525821532303588],"e58da5":[84,464096880587490759,18344930007644035989],"e64087":[60,1141899257077229248,1128957793970017329],"e81449":[555,1839561983754554991,14573108503597828366],"eb6c44":[2889,2111973072704845142,7381548031400509159],"ebebbb":[2373,232804705966298242,8399902367463404930],"eda27d":[588,232804705966298242,8399902367463404930],"fb70d6":[105,18306405776789788635,8311021371091044087],"fe5f57":[51,464096880587490759,4372450520865170758]},"time_us":"167926759"}


{
    "fov": 90.0,
    "aspect_ratio": 1.7777,
    "location": {
        "x": 150.0,
        "y": -50.0,
        "z": 200.0
    },
    "rotation": {
        "roll": 0.0,
        "pitch": -15.0,
        "yaw": 30.0
    }
}