{
    "fov": 50.0,
    "aspect_ratio": 1.7777,
    "location": {
        "x": -11.479116439819336 -10.471681594848633,
        "y": -1433.7178955078125,
        "z": 31.766559600830078
    },
    "rotation": {
        "roll": 0.0,
        "pitch": 0.0,
        "yaw": 0.0
    }
}