{
    "fov": 50.0,
    "aspect_ratio": 1.7777,
    "location": {
        "x": -9.736452102661133,
        "y": -1433.69482421875,
        "z": 31.746810913085938
    },
    "rotation": {
        "roll": 0.0,
        "pitch": 0.0,
        "yaw": 0.0
    }
}