{
    "fov": 50.0,
    "aspect_ratio": 1.7777,
    "location": {
        "x": -46.951416015625,
        "y": -1468.5869140625,
        "z": 32.516868591308594
    },
    "rotation": {
        "roll": 0.0,
        "pitch": 0,
        "yaw": 0
    }
}