{
    "fov": 50.0,
    "aspect_ratio": 1.7777,
    "location": {
        "x": -10.551764488220215,
        "y": -1439.5491943359375,
        "z": 31.747081756591797
    },
    "rotation": {
        "roll": 0.0,
        "pitch": 0.0,
        "yaw": 0.0
    }
}