{
    "fov": 50.0,
    "aspect_ratio": 1.7777,
    "location": {
        "x": -11.438575744628906,
        "y": -1437.98486328125,
        "z": 31.746837615966797
    },
    "rotation": {
        "roll": 0.0,
        "pitch": 0.0,
        "yaw": 0.0
    }
}