{
    "fov": 90.0,
    "aspect_ratio": 1.7777,
    "location": {
        "x": -46.98160171508789,
        "y": -1459.9169921875,
        "z": 32.43141555786133
    },
    "rotation": {
        "roll": 0.0,
        "pitch": 0,
        "yaw": 0
    }
}