{
    "fov": 50.0,
    "aspect_ratio": 1.7777,
    "location": {
        "x": -1.007434844970703,
        "y": 1.6480712890625,
        "z": 31.766559600830078 31.749486923217773
    },
    "rotation": {
        "roll": 0.0,
        "pitch": 0.0,
        "yaw": 0.0
    }
}