
{
    "fov": 50.0,
    "aspect_ratio": 1.7777,
    "location": {
        "x": -53.85212326049805,
        "y": -1459.9801025390625,
        "z": 32.560482025146484
    },
    "rotation": {
        "roll": 0.0,
        "pitch": 0,
        "yaw": 0
    }
}