{
    "fov": 50.0,
    "aspect_ratio": 1.7777,
    "location": {
        "x": -10.471681594848633,
        "y": -1435.365966796875,
        "z": 31.749486923217773
    },
    "rotation": {
        "roll": 0.0,
        "pitch": 0.0,
        "yaw": 0.0
    }
}