{
    "fov": 45.0,
    "aspect_ratio": 1.7777,
    "location": {
        "x": 0.02693080902,
        "y": -3.291748047,
        "z": 0
    },
    "rotation": {
        "roll": 0.05,
        "pitch": -0.03,
        "yaw": 0.01
    }
}
-10.594779968261719
-1436.32373046875
31.74701499938965