{
    "fov": 45.0,
    "aspect_ratio": 1.7777,
    "location": {
        "x": 0.02562618256,
        "y": -3.313720703,
        "z": 0.001165390015
    },
    "rotation": {
        "roll": 0.05,
        "pitch": 0.03,
        "yaw": -0.01
    }
}