{
    "fov": 45.0,
    "aspect_ratio": 1.7777,
    "location": {
        "x": -1.205170631,
        "y": 0.00
        "z": 0.001972198486
    },
    "rotation": {
        "roll": 0.05,
        "pitch": 0.03,
        "yaw": -0.01
    }
}