{"extrinsic_cam2world":[0.9999995231628418,0.000989568536169827,-0.00010398288577562198,-10.59421443939209,0.00046530654071830213,-0.3727031946182251,0.9279505014419556,-1436.34521484375,-0.0008795158355496824,0.9279501438140869,0.3727034628391266,31.76058006286621],"fov_v_degrees":45.0,"seg_hexcolor2meta":{"00cc54":[2640,3646264202795627361,11299456670477111697],"00ff2d":[114,1323197669247348775,7429993411691574501],"0dc532":[390,464096880587490759,18344930007644035989],"248bee":[30,1691760345044410793,10505127718700596805],"25704f":[8316,464096880587490759,4372450520865170758],"29d3db":[2016,464096880587490759,4356562835847368287],"2c9c00":[696,1691760345044410793,10505127718700596805],"47feb0":[282,464096880587490759,4372450520865170758],"48095d":[48,3521146581539802343,16397677055190179235],"5f55ba":[432,464096880587490759,4372450520865170758],"627335":[240,464096880587490759,4372450520865170758],"65c111":[708,464096880587490759,4372450520865170758],"6e3abd":[1176,464096880587490759,4372450520865170758],"7a9b4c":[3288,3521146581539802343,16406567869334315787],"7c67c6":[306,2284777535876409176,4827345913388389795],"7c7c39":[144,464096880587490759,4372450520865170758],"82448a":[720,2840538889012231237,8377730300648164808],"8471c1":[2598,464096880587490759,4356562835847368287],"874ce1":[162,464096880587490759,4372450520865170758],"88aed9":[648,3521146581539802343,16397677055190179235],"89e6c8":[336,3521146581539802343,15066016232099053668],"8fd1b3":[150,3521146581539802343,16397677055190179235],"9225d5":[210,1691760345044410793,10505127718700596805],"939aa4":[699,464096880587490759,4356562835847368287],"9590cc":[756,464096880587490759,4372450520865170758],"a58121":[240,3521146581539802343,16397677055190179235],"a6f22f":[108,464096880587490759,4356562835847368287],"a728e5":[240,464096880587490759,4356562835847368287],"a8fb98":[972,464096880587490759,4372450520865170758],"b0ff16":[156,464096880587490759,4372450520865170758],"b898b2":[5025,464096880587490759,4372450520865170758],"cb817a":[0,0,0],"cbe4e1":[5820,1691760345044410793,10505127718700596805],"cecafc":[138,464096880587490759,4356562835847368287],"cee256":[456,3521146581539802343,16397677055190179235],"d52038":[534,464096880587490759,15392076020985669351],"d9991a":[18,1691760345044410793,10505127718700596805],"e1c8ae":[3495,464096880587490759,4372450520865170758],"e369f3":[1893,1691760345044410793,12048712434546063767],"e390a8":[264,2840538889012231237,16663207852073062831],"e429b8":[24,464096880587490759,18344930007644035989],"ec37f2":[174,3521146581539802343,15066016232099053668],"ef26d1":[483,2284777535876409176,4827345913388389795],"f04c40":[96,3521146581539802343,16397677055190179235],"fc1981":[3144,464096880587490759,4356562835847368287]},"time_us":"493059162"}
