{
    "fov": 45.0,
    "aspect_ratio": 1.7777,
    "location": {
        "x": -1.09624958,
        "y": -0.002075195313,
        "z": 0
    },
    "rotation": {
        "roll": 0.05,
        "pitch": 0.01,
        "yaw": 0.00
    }
}
