{
    "fov": 45.0,
    "aspect_ratio": 1.7777,
    "location": {
        "x": 0.06021118164,
        "y": 3.310913086,
        "z": 0
    },
    "rotation": {
        "roll": 0.05,
        "pitch": 0.01,
        "yaw": 0.00
    }
}

